{"m_WaveInfo":{"m_EnemyCount":4,"m_EnemyCountMultiplier":1.5,"m_SpawnTime":2.0,"m_SpawnTimeMax":0.30000001192092898},"m_WaveCount":3,"m_StageEnemyCountMultiplier":1.7000000476837159,"m_StageEnemyHPMultiplier":1.399999976158142,"m_StageEnemyDamageMultiplier":1.2999999523162842,"m_StageEnemyFireRateMultiplier":1.2000000476837159,"m_StageSpawnTimeMultiplier":1.2000000476837159,"m_StageScoreMultiplier":1.2000000476837159}