{"m_Damage":1.2999999523162842,"m_FireRate":1.2999999523162842,"m_Heal":0.5,"m_Speed":1.2999999523162842}