{"m_WaveData":{"m_MonsterCount":20,"m_MonsterCountMultiplier":2.0,"m_SpawnTime":0.6000000238418579},"m_WaveCount":3,"m_MonsterCountMultiplier":1.5,"m_MonsterHPMultiplier":1.2000000476837159,"m_MonsterDamageMultiplier":1.100000023841858,"m_MonsterFireRateMultiplier":1.2000000476837159,"m_SpawnTimeMultiplier":1.2999999523162842,"m_PlayerExpMaxMultiplier":1.2999999523162842,"m_PlayerPerLevelExpMaxMultiplier":1.100000023841858}