{"m_WaveData":{"m_MonsterCount":30,"m_MonsterCountMultiplier":1.2000000476837159,"m_PlayerExpMaxMultiplier":1.2999999523162842,"m_SpawnTime":1.0},"m_WaveCount":1,"m_MonsterCountMultiplier":1.100000023841858,"m_MonsterHPMultiplier":1.2999999523162842,"m_MonsterDamageMultiplier":1.0499999523162842,"m_MonsterFireRateMultiplier":1.100000023841858,"m_SpawnTimeMultiplier":1.100000023841858,"m_PlayerExpMaxMultiplier":1.5}