{"m_WaveInfo":{"m_EnemyCount":30,"m_EnemyCountMultiplier":1.2000000476837159,"m_SpawnTime":0.30000001192092898,"m_SpawnTimeMax":0.10000000149011612},"m_WaveCount":3,"m_StageEnemyCountMultiplier":1.100000023841858,"m_StageEnemyHPMultiplier":1.149999976158142,"m_StageEnemyDamageMultiplier":1.100000023841858,"m_StageEnemyFireRateMultiplier":1.100000023841858,"m_StageSpawnTimeMultiplier":1.0499999523162842,"m_StageExpMultiplier":0.699999988079071}